/*
Navicat MySQL Data Transfer

Source Server         : localhost_3306
Source Server Version : 50528
Source Host           : localhost:3306
Source Database       : post

Target Server Type    : MYSQL
Target Server Version : 50528
File Encoding         : 65001

Date: 2014-03-31 15:16:15
*/

SET FOREIGN_KEY_CHECKS=0;

-- ----------------------------
-- Table structure for `ad`
-- ----------------------------
DROP TABLE IF EXISTS `ad`;
CREATE TABLE `ad` (
  `adId` int(4) NOT NULL AUTO_INCREMENT,
  `adTypeId` int(4) DEFAULT NULL,
  `upLoadTime` varchar(20) DEFAULT NULL,
  `userId` int(4) DEFAULT NULL,
  `postId` int(4) DEFAULT NULL,
  `firstPicAddr` varchar(50) DEFAULT NULL,
  `money` int(4) DEFAULT NULL,
  `sortValue` varchar(100) DEFAULT NULL,
  `checked` int(4) DEFAULT '0',
  `remark` varchar(50) DEFAULT NULL,
  `height` int(10) DEFAULT NULL,
  `width` int(10) DEFAULT NULL,
  PRIMARY KEY (`adId`),
  KEY `tb_advertise_ibfk_1` (`adTypeId`),
  KEY `tb_advertise_ibfk_3` (`postId`),
  KEY `tb_advertise_ibfk_4` (`userId`)
) ENGINE=MyISAM AUTO_INCREMENT=499 DEFAULT CHARSET=utf8;

-- ----------------------------
-- Records of ad
-- ----------------------------
INSERT INTO `ad` VALUES ('7', '1', '20140320173118', '-1', '14', 'firstPics/1395307875093.jpg', '0', '20140320173118', '1', '', '250', '250');
INSERT INTO `ad` VALUES ('8', '1', '20140320173215', '-1', '14', 'firstPics/1395307934637.jpg', '0', '20140320173215', '1', '', '250', '250');
INSERT INTO `ad` VALUES ('9', '1', '20140320173224', '-1', '14', 'firstPics/1395307943940.jpg', '0', '20140320173224', '1', '', '250', '250');
INSERT INTO `ad` VALUES ('10', '1', '20140320173240', '-1', '14', 'firstPics/1395307959774.jpg', '0', '20140320173240', '1', '', '250', '250');
INSERT INTO `ad` VALUES ('11', '3', '20140320181112', '54', '16', 'firstPics/1395310271556.jpg', '0', '20140320181112', '1', '', '250', '250');
INSERT INTO `ad` VALUES ('26', '1', '20140320205348', '56', '20', 'firstPics/1395320028202.jpg', '0', '20140320205348', '1', 'asdfghjkl', '250', '250');
INSERT INTO `ad` VALUES ('27', '1', '20140320222906', '55', '11', 'firstPics/1395325744516.jpg', '0', '20140320222906', '1', '', '250', '250');
INSERT INTO `ad` VALUES ('80', '1', '20140321192307', '-1', '11', 'firstPics/1395400985601.jpg', '0', '20140321192307', '0', '', '250', '250');
INSERT INTO `ad` VALUES ('81', '3', '20140321192412', '-1', '11', 'firstPics/1395401052116.jpg', '0', '20140321192412', '0', '', '250', '250');
INSERT INTO `ad` VALUES ('82', '1', '20140321195010', '11', '11', 'firstPics/1395402609966.jpg', '0', '20140321195010', '1', '', '250', '250');
INSERT INTO `ad` VALUES ('83', '1', '20140321195010', '11', '4', 'firstPics/1395402609966.jpg', '0', '20140321195010', '1', '', '250', '250');
INSERT INTO `ad` VALUES ('84', '1', '20140321195010', '11', '5', 'firstPics/1395402609966.jpg', '0', '20140321195010', '1', '', '250', '250');
INSERT INTO `ad` VALUES ('85', '1', '20140321202221', '-1', '11', 'firstPics/1395404540083.jpg', '0', '20140321202221', '0', '', '250', '250');
INSERT INTO `ad` VALUES ('34', '2', '20140321104924', '-1', '4', 'firstPics/1395370163051.JPG', '0', '20140321104924', '1', '', '250', '250');
INSERT INTO `ad` VALUES ('35', '2', '20140321104948', '-1', '11', 'firstPics/1395370188536.JPG', '0', '20140321104948', '1', '', '250', '250');
INSERT INTO `ad` VALUES ('36', '1', '20140321105122', '-1', '11', 'firstPics/1395370282095.JPG', '0', '20140321105122', '1', '', '250', '250');
INSERT INTO `ad` VALUES ('79', '1', '20140321152647', '11', '11', 'firstPics/1395386806537.jpg', '0', '20140321152647', '1', '', '250', '250');
INSERT INTO `ad` VALUES ('78', '1', '20140321152632', '11', '11', 'firstPics/1395386791791.jpg', '0', '20140321152632', '1', '', '250', '250');
INSERT INTO `ad` VALUES ('77', '1', '20140321152620', '11', '6', 'firstPics/1395386779740.jpg', '0', '20140321152620', '1', '', '250', '250');
INSERT INTO `ad` VALUES ('76', '1', '20140321152620', '11', '5', 'firstPics/1395386779740.jpg', '0', '20140321152620', '1', '', '250', '250');
INSERT INTO `ad` VALUES ('75', '1', '20140321152620', '11', '4', 'firstPics/1395386779740.jpg', '0', '20140321152620', '1', '', '250', '250');
INSERT INTO `ad` VALUES ('74', '1', '20140321152620', '11', '11', 'firstPics/1395386779740.jpg', '0', '20140321152620', '1', '', '250', '250');
INSERT INTO `ad` VALUES ('73', '1', '20140321152420', '11', '5', 'firstPics/1395386660162.jpg', '0', '20140321152420', '1', '啦啦啦啦啦', '250', '250');
INSERT INTO `ad` VALUES ('72', '1', '20140321152420', '11', '4', 'firstPics/1395386660162.jpg', '0', '20140321152420', '1', '啦啦啦啦啦', '250', '250');
INSERT INTO `ad` VALUES ('65', '1', '20140321144116', '11', '5', 'firstPics/1395384075617.jpg', '0', '20140321144116', '1', '..........', '250', '250');
INSERT INTO `ad` VALUES ('66', '5', '20140321152359', '11', '11', 'firstPics/1395386638154.jpg', '0', '20140321152359', '1', '重百重百重百重百重百', '250', '250');
INSERT INTO `ad` VALUES ('67', '5', '20140321152359', '11', '4', 'firstPics/1395386638154.jpg', '0', '20140321152359', '1', '重百重百重百重百重百', '250', '250');
INSERT INTO `ad` VALUES ('68', '5', '20140321152359', '11', '5', 'firstPics/1395386638154.jpg', '0', '20140321152359', '1', '重百重百重百重百重百', '250', '250');
INSERT INTO `ad` VALUES ('69', '5', '20140321152359', '11', '12', 'firstPics/1395386638154.jpg', '0', '20140321152359', '1', '重百重百重百重百重百', '250', '250');
INSERT INTO `ad` VALUES ('70', '5', '20140321152359', '11', '14', 'firstPics/1395386638154.jpg', '0', '20140321152359', '1', '重百重百重百重百重百', '250', '250');
INSERT INTO `ad` VALUES ('71', '1', '20140321152420', '11', '11', 'firstPics/1395386660162.jpg', '0', '20140321152420', '1', '啦啦啦啦啦', '250', '250');
INSERT INTO `ad` VALUES ('5', '5', '20140321111453', '-1', '11', 'firstPics/1395371693130.jpg', '0', '20140321111453', '1', '', '250', '250');
INSERT INTO `ad` VALUES ('58', '4', '20140321113800', '-1', '11', 'firstPics/1395373080313.jpg', '0', '20140321113800', '1', '', '250', '250');
INSERT INTO `ad` VALUES ('64', '1', '20140321144116', '11', '4', 'firstPics/1395384075617.jpg', '0', '20140321144116', '1', '..........', '250', '250');
INSERT INTO `ad` VALUES ('63', '1', '20140321144116', '11', '11', 'firstPics/1395384075617.jpg', '0', '20140321144116', '1', '..........', '250', '250');
INSERT INTO `ad` VALUES ('62', '1', '20140321144017', '11', '5', 'firstPics/1395384016518.jpg', '0', '20140321144017', '1', '', '250', '250');
INSERT INTO `ad` VALUES ('61', '1', '20140321144017', '11', '4', 'firstPics/1395384016518.jpg', '0', '20140321144017', '1', '', '250', '250');
INSERT INTO `ad` VALUES ('60', '1', '20140321144017', '11', '11', 'firstPics/1395384016518.jpg', '0', '20140321144017', '1', '', '250', '250');
INSERT INTO `ad` VALUES ('59', '1', '20140321134621', '-1', '4', 'firstPics/1395380780145.jpg', '0', '20140321134621', '1', '', '250', '250');

-- ----------------------------
-- Table structure for `administrator`
-- ----------------------------
DROP TABLE IF EXISTS `administrator`;
CREATE TABLE `administrator` (
  `id` int(4) NOT NULL AUTO_INCREMENT,
  `administratorName` varchar(20) NOT NULL,
  `password` varchar(20) NOT NULL,
  PRIMARY KEY (`id`)
) ENGINE=MyISAM AUTO_INCREMENT=2 DEFAULT CHARSET=utf8;

-- ----------------------------
-- Records of administrator
-- ----------------------------
INSERT INTO `administrator` VALUES ('1', 'xjp', '123');

-- ----------------------------
-- Table structure for `adtype`
-- ----------------------------
DROP TABLE IF EXISTS `adtype`;
CREATE TABLE `adtype` (
  `adTypeId` int(4) NOT NULL AUTO_INCREMENT,
  `adTypeName` varchar(20) DEFAULT NULL,
  PRIMARY KEY (`adTypeId`)
) ENGINE=MyISAM AUTO_INCREMENT=14 DEFAULT CHARSET=utf8;

-- ----------------------------
-- Records of adtype
-- ----------------------------
INSERT INTO `adtype` VALUES ('1', '教育培训');
INSERT INTO `adtype` VALUES ('2', '房屋租赁');
INSERT INTO `adtype` VALUES ('3', '求职招聘');
INSERT INTO `adtype` VALUES ('4', '餐饮');
INSERT INTO `adtype` VALUES ('5', '考研');
INSERT INTO `adtype` VALUES ('6', '公共类');

-- ----------------------------
-- Table structure for `attention`
-- ----------------------------
DROP TABLE IF EXISTS `attention`;
CREATE TABLE `attention` (
  `attentionId` int(4) NOT NULL AUTO_INCREMENT,
  `userId` int(4) DEFAULT NULL,
  `postId` int(4) DEFAULT NULL,
  PRIMARY KEY (`attentionId`),
  KEY `userId` (`userId`) USING BTREE
) ENGINE=MyISAM AUTO_INCREMENT=132 DEFAULT CHARSET=utf8;

-- ----------------------------
-- Records of attention
-- ----------------------------
INSERT INTO `attention` VALUES ('125', '11', '11');
INSERT INTO `attention` VALUES ('116', '1', '2');
INSERT INTO `attention` VALUES ('117', '45', '11');
INSERT INTO `attention` VALUES ('118', '45', '4');
INSERT INTO `attention` VALUES ('119', '52', '11');
INSERT INTO `attention` VALUES ('124', '53', '11');
INSERT INTO `attention` VALUES ('127', '54', '4');
INSERT INTO `attention` VALUES ('128', '54', '14');
INSERT INTO `attention` VALUES ('129', '56', '11');
INSERT INTO `attention` VALUES ('130', '56', '4');
INSERT INTO `attention` VALUES ('131', '11', '21');

-- ----------------------------
-- Table structure for `pic`
-- ----------------------------
DROP TABLE IF EXISTS `pic`;
CREATE TABLE `pic` (
  `picId` int(4) NOT NULL AUTO_INCREMENT,
  `picAddr` varchar(50) DEFAULT NULL,
  `width` int(4) DEFAULT NULL,
  `height` int(4) DEFAULT NULL,
  `checked` int(4) DEFAULT '0',
  `adId` int(4) DEFAULT NULL,
  PRIMARY KEY (`picId`),
  KEY `tb_pic_ibfk_1` (`adId`)
) ENGINE=MyISAM AUTO_INCREMENT=649 DEFAULT CHARSET=utf8;

-- ----------------------------
-- Records of pic
-- ----------------------------
INSERT INTO `pic` VALUES ('479', 'photoes/1395307875093.jpg', '1240', '1683', '1', '7');
INSERT INTO `pic` VALUES ('539', 'photoes/1395370188536.JPG', '640', '480', '1', '35');
INSERT INTO `pic` VALUES ('540', 'photoes/1395370282095.JPG', '640', '480', '1', '36');
INSERT INTO `pic` VALUES ('541', 'photoes/1395370383224.jpg', '726', '1024', '1', '37');
INSERT INTO `pic` VALUES ('542', 'photoes/1395370383224.jpg', '726', '1024', '1', '38');
INSERT INTO `pic` VALUES ('543', 'photoes/1395370383224.jpg', '726', '1024', '1', '39');
INSERT INTO `pic` VALUES ('544', 'photoes/1395370383224.jpg', '726', '1024', '1', '40');
INSERT INTO `pic` VALUES ('480', 'photoes/1395307934637.jpg', '1615', '1000', '1', '8');
INSERT INTO `pic` VALUES ('481', 'photoes/1395307943940.jpg', '1024', '678', '1', '9');
INSERT INTO `pic` VALUES ('482', 'photoes/1395307959774.jpg', '1024', '691', '1', '10');
INSERT INTO `pic` VALUES ('483', 'photoes/1395307960610.jpg', '849', '623', '1', '10');
INSERT INTO `pic` VALUES ('484', 'photoes/1395309019223.jpg', '2000', '1125', '1', '11');
INSERT INTO `pic` VALUES ('485', 'photoes/1395310271556.jpg', '2000', '1125', '1', '11');
INSERT INTO `pic` VALUES ('486', 'photoes/1395311522987.jpeg', '800', '800', '1', '12');
INSERT INTO `pic` VALUES ('487', 'photoes/1395311522987.jpeg', '800', '800', '1', '13');
INSERT INTO `pic` VALUES ('488', 'photoes/1395311522987.jpeg', '800', '800', '1', '14');
INSERT INTO `pic` VALUES ('489', 'photoes/1395311547960.jpg', '1240', '1683', '1', '15');
INSERT INTO `pic` VALUES ('490', 'photoes/1395311552158.jpg', '1024', '754', '1', '15');
INSERT INTO `pic` VALUES ('491', 'photoes/1395311547960.jpg', '1240', '1683', '1', '16');
INSERT INTO `pic` VALUES ('492', 'photoes/1395311553657.jpg', '0', '0', '1', '16');
INSERT INTO `pic` VALUES ('493', 'photoes/1395311550449.jpg', '1240', '1683', '1', '17');
INSERT INTO `pic` VALUES ('494', 'photoes/1395311554048.jpg', '1024', '754', '1', '17');
INSERT INTO `pic` VALUES ('495', 'photoes/1395311547960.jpg', '1240', '1683', '1', '18');
INSERT INTO `pic` VALUES ('496', 'photoes/1395311554993.jpg', '0', '0', '1', '18');
INSERT INTO `pic` VALUES ('497', 'photoes/1395311550449.jpg', '1240', '1683', '1', '19');
INSERT INTO `pic` VALUES ('498', 'photoes/1395311555427.jpg', '0', '0', '1', '19');
INSERT INTO `pic` VALUES ('499', 'photoes/1395311547960.jpg', '1240', '1683', '1', '20');
INSERT INTO `pic` VALUES ('500', 'photoes/1395311556042.jpg', '0', '0', '1', '20');
INSERT INTO `pic` VALUES ('501', 'photoes/1395311550449.jpg', '1240', '1683', '1', '21');
INSERT INTO `pic` VALUES ('502', 'photoes/1395311556380.jpg', '0', '0', '1', '21');
INSERT INTO `pic` VALUES ('503', 'photoes/1395311550449.jpg', '1240', '1683', '1', '22');
INSERT INTO `pic` VALUES ('504', 'photoes/1395311557643.jpg', '0', '0', '1', '22');
INSERT INTO `pic` VALUES ('505', 'photoes/1395311575802.jpg', '1000', '652', '1', '23');
INSERT INTO `pic` VALUES ('506', 'photoes/1395311575802.jpg', '1000', '652', '1', '24');
INSERT INTO `pic` VALUES ('507', 'photoes/1395311575802.jpg', '1000', '652', '1', '25');
INSERT INTO `pic` VALUES ('508', 'photoes/1395320028202.jpg', '1000', '652', '1', '26');
INSERT INTO `pic` VALUES ('509', 'photoes/1395320029195.jpg', '1240', '1683', '1', '26');
INSERT INTO `pic` VALUES ('510', 'photoes/1395320030905.jpg', '1024', '691', '1', '26');
INSERT INTO `pic` VALUES ('511', 'photoes/1395325744516.jpg', '1000', '735', '1', '27');
INSERT INTO `pic` VALUES ('512', 'photoes/1395325746649.jpg', '1024', '678', '1', '27');
INSERT INTO `pic` VALUES ('513', 'photoes/1395325746921.jpg', '1024', '659', '1', '27');
INSERT INTO `pic` VALUES ('514', 'photoes/1395325747024.jpg', '1024', '724', '1', '27');
INSERT INTO `pic` VALUES ('515', 'photoes/1395326836636.jpg', '920', '669', '1', '28');
INSERT INTO `pic` VALUES ('516', 'photoes/1395326837421.jpg', '1024', '754', '1', '28');
INSERT INTO `pic` VALUES ('517', 'photoes/1395326837548.jpg', '1024', '690', '1', '28');
INSERT INTO `pic` VALUES ('518', 'photoes/1395326836636.jpg', '920', '669', '1', '29');
INSERT INTO `pic` VALUES ('519', 'photoes/1395326837785.jpg', '0', '0', '1', '29');
INSERT INTO `pic` VALUES ('520', 'photoes/1395326837805.jpg', '0', '0', '1', '29');
INSERT INTO `pic` VALUES ('521', 'photoes/1395326836636.jpg', '920', '669', '1', '30');
INSERT INTO `pic` VALUES ('522', 'photoes/1395326837998.jpg', '0', '0', '1', '30');
INSERT INTO `pic` VALUES ('523', 'photoes/1395326838015.jpg', '0', '0', '1', '30');
INSERT INTO `pic` VALUES ('524', 'photoes/1395326896254.jpg', '1615', '1000', '1', '31');
INSERT INTO `pic` VALUES ('525', 'photoes/1395326897644.jpg', '1024', '678', '1', '31');
INSERT INTO `pic` VALUES ('526', 'photoes/1395326897727.jpg', '670', '473', '1', '31');
INSERT INTO `pic` VALUES ('527', 'photoes/1395326897780.jpg', '1024', '725', '1', '31');
INSERT INTO `pic` VALUES ('528', 'photoes/1395326896254.jpg', '1615', '1000', '1', '32');
INSERT INTO `pic` VALUES ('529', 'photoes/1395326898042.jpg', '0', '0', '1', '32');
INSERT INTO `pic` VALUES ('530', 'photoes/1395326898060.jpg', '0', '0', '1', '32');
INSERT INTO `pic` VALUES ('531', 'photoes/1395326898093.jpg', '0', '0', '1', '32');
INSERT INTO `pic` VALUES ('532', 'photoes/1395326896254.jpg', '1615', '1000', '1', '33');
INSERT INTO `pic` VALUES ('533', 'photoes/1395326898443.jpg', '0', '0', '1', '33');
INSERT INTO `pic` VALUES ('534', 'photoes/1395326898455.jpg', '0', '0', '1', '33');
INSERT INTO `pic` VALUES ('535', 'photoes/1395326898468.jpg', '0', '0', '1', '33');
INSERT INTO `pic` VALUES ('536', 'photoes/1395370163051.JPG', '640', '480', '1', '34');
INSERT INTO `pic` VALUES ('537', 'photoes/1395370164808.JPG', '640', '480', '1', '34');
INSERT INTO `pic` VALUES ('538', 'photoes/1395370164876.JPG', '640', '480', '1', '34');
INSERT INTO `pic` VALUES ('545', 'photoes/1395370383224.jpg', '726', '1024', '1', '41');
INSERT INTO `pic` VALUES ('546', 'photoes/1395370383224.jpg', '726', '1024', '1', '42');
INSERT INTO `pic` VALUES ('547', 'photoes/1395370383224.jpg', '726', '1024', '1', '43');
INSERT INTO `pic` VALUES ('548', 'photoes/1395370383224.jpg', '726', '1024', '1', '44');
INSERT INTO `pic` VALUES ('549', 'photoes/1395370383224.jpg', '726', '1024', '1', '45');
INSERT INTO `pic` VALUES ('550', 'photoes/1395370481624.jpg', '732', '1024', '1', '46');
INSERT INTO `pic` VALUES ('551', 'photoes/1395370482377.jpg', '1024', '719', '1', '46');
INSERT INTO `pic` VALUES ('552', 'photoes/1395370481624.jpg', '732', '1024', '1', '47');
INSERT INTO `pic` VALUES ('553', 'photoes/1395370482610.jpg', '0', '0', '1', '47');
INSERT INTO `pic` VALUES ('554', 'photoes/1395370481624.jpg', '732', '1024', '1', '48');
INSERT INTO `pic` VALUES ('555', 'photoes/1395370482895.jpg', '0', '0', '1', '48');
INSERT INTO `pic` VALUES ('556', 'photoes/1395370481624.jpg', '732', '1024', '1', '49');
INSERT INTO `pic` VALUES ('557', 'photoes/1395370483052.jpg', '0', '0', '1', '49');
INSERT INTO `pic` VALUES ('558', 'photoes/1395370481624.jpg', '732', '1024', '1', '50');
INSERT INTO `pic` VALUES ('559', 'photoes/1395370483202.jpg', '0', '0', '1', '50');
INSERT INTO `pic` VALUES ('560', 'photoes/1395370481624.jpg', '732', '1024', '1', '51');
INSERT INTO `pic` VALUES ('561', 'photoes/1395370483354.jpg', '0', '0', '1', '51');
INSERT INTO `pic` VALUES ('562', 'photoes/1395370481624.jpg', '732', '1024', '1', '52');
INSERT INTO `pic` VALUES ('563', 'photoes/1395370483519.jpg', '0', '0', '1', '52');
INSERT INTO `pic` VALUES ('564', 'photoes/1395370481624.jpg', '732', '1024', '1', '53');
INSERT INTO `pic` VALUES ('565', 'photoes/1395370483675.jpg', '0', '0', '1', '53');
INSERT INTO `pic` VALUES ('566', 'photoes/1395370481624.jpg', '732', '1024', '1', '54');
INSERT INTO `pic` VALUES ('567', 'photoes/1395370483961.jpg', '0', '0', '1', '54');
INSERT INTO `pic` VALUES ('568', 'photoes/1395370818398.jpg', '620', '896', '1', '55');
INSERT INTO `pic` VALUES ('569', 'photoes/1395370819431.jpg', '768', '1024', '1', '55');
INSERT INTO `pic` VALUES ('570', 'photoes/1395370818398.jpg', '620', '896', '1', '56');
INSERT INTO `pic` VALUES ('571', 'photoes/1395370819723.jpg', '0', '0', '1', '56');
INSERT INTO `pic` VALUES ('572', 'photoes/1395370818398.jpg', '620', '896', '1', '57');
INSERT INTO `pic` VALUES ('573', 'photoes/1395370819928.jpg', '0', '0', '1', '57');
INSERT INTO `pic` VALUES ('574', 'photoes/1395371693130.jpg', '754', '1024', '1', '5');
INSERT INTO `pic` VALUES ('575', 'photoes/1395371720291.jpg', '1024', '1024', '1', '5');
INSERT INTO `pic` VALUES ('576', 'photoes/1395371722022.jpg', '732', '1024', '1', '5');
INSERT INTO `pic` VALUES ('577', 'photoes/1395371722344.jpg', '373', '500', '1', '5');
INSERT INTO `pic` VALUES ('578', 'photoes/1395371861698.jpg', '1024', '707', '1', '5');
INSERT INTO `pic` VALUES ('579', 'photoes/1395371862369.jpg', '1000', '735', '1', '5');
INSERT INTO `pic` VALUES ('580', 'photoes/1395371862491.jpg', '1024', '747', '1', '5');
INSERT INTO `pic` VALUES ('581', 'photoes/1395371892754.jpg', '1000', '652', '1', '5');
INSERT INTO `pic` VALUES ('582', 'photoes/1395372924414.jpg', '1024', '625', '1', '5');
INSERT INTO `pic` VALUES ('583', 'photoes/1395372925868.jpg', '375', '1000', '1', '5');
INSERT INTO `pic` VALUES ('584', 'photoes/1395372925949.jpg', '650', '443', '1', '5');
INSERT INTO `pic` VALUES ('585', 'photoes/1395373080313.jpg', '1024', '625', '1', '58');
INSERT INTO `pic` VALUES ('586', 'photoes/1395373081075.jpg', '1024', '789', '1', '58');
INSERT INTO `pic` VALUES ('587', 'photoes/1395373081394.jpg', '1024', '625', '1', '58');
INSERT INTO `pic` VALUES ('588', 'photoes/1395373138675.jpg', '373', '500', '1', '59');
INSERT INTO `pic` VALUES ('589', 'photoes/1395373138675.jpg', '373', '500', '1', '60');
INSERT INTO `pic` VALUES ('590', 'photoes/1395373138675.jpg', '373', '500', '1', '61');
INSERT INTO `pic` VALUES ('591', 'photoes/1395373138675.jpg', '373', '500', '1', '62');
INSERT INTO `pic` VALUES ('592', 'photoes/1395373138675.jpg', '373', '500', '1', '63');
INSERT INTO `pic` VALUES ('593', 'photoes/1395373138675.jpg', '373', '500', '1', '64');
INSERT INTO `pic` VALUES ('594', 'photoes/1395373139209.jpg', '1701', '1228', '1', '59');
INSERT INTO `pic` VALUES ('595', 'photoes/1395373139209.jpg', '1701', '1228', '1', '60');
INSERT INTO `pic` VALUES ('596', 'photoes/1395373139209.jpg', '1701', '1228', '1', '61');
INSERT INTO `pic` VALUES ('597', 'photoes/1395373139209.jpg', '1701', '1228', '1', '62');
INSERT INTO `pic` VALUES ('598', 'photoes/1395373139209.jpg', '1701', '1228', '1', '63');
INSERT INTO `pic` VALUES ('599', 'photoes/1395373139209.jpg', '1701', '1228', '1', '64');
INSERT INTO `pic` VALUES ('600', 'photoes/1395380780145.jpg', '1024', '768', '1', '59');
INSERT INTO `pic` VALUES ('601', 'photoes/1395380781389.jpg', '1024', '768', '1', '59');
INSERT INTO `pic` VALUES ('602', 'photoes/1395384016518.jpg', '773', '580', '1', '60');
INSERT INTO `pic` VALUES ('603', 'photoes/1395384016518.jpg', '773', '580', '1', '61');
INSERT INTO `pic` VALUES ('604', 'photoes/1395384016518.jpg', '773', '580', '1', '62');
INSERT INTO `pic` VALUES ('605', 'photoes/1395384017615.jpg', '1024', '659', '1', '60');
INSERT INTO `pic` VALUES ('606', 'photoes/1395384017615.jpg', '1024', '659', '1', '61');
INSERT INTO `pic` VALUES ('607', 'photoes/1395384017615.jpg', '1024', '659', '1', '62');
INSERT INTO `pic` VALUES ('608', 'photoes/1395384017946.jpg', '1024', '747', '1', '60');
INSERT INTO `pic` VALUES ('609', 'photoes/1395384017946.jpg', '1024', '747', '1', '61');
INSERT INTO `pic` VALUES ('610', 'photoes/1395384017946.jpg', '1024', '747', '1', '62');
INSERT INTO `pic` VALUES ('611', 'photoes/1395384075617.jpg', '1024', '690', '1', '63');
INSERT INTO `pic` VALUES ('612', 'photoes/1395384075617.jpg', '1024', '690', '1', '64');
INSERT INTO `pic` VALUES ('613', 'photoes/1395384075617.jpg', '1024', '690', '1', '65');
INSERT INTO `pic` VALUES ('614', 'photoes/1395384076304.jpg', '1024', '691', '1', '63');
INSERT INTO `pic` VALUES ('615', 'photoes/1395384076304.jpg', '1024', '691', '1', '64');
INSERT INTO `pic` VALUES ('616', 'photoes/1395384076304.jpg', '1024', '691', '1', '65');
INSERT INTO `pic` VALUES ('617', 'photoes/1395384076601.jpg', '1000', '735', '1', '63');
INSERT INTO `pic` VALUES ('618', 'photoes/1395384076601.jpg', '1000', '735', '1', '64');
INSERT INTO `pic` VALUES ('619', 'photoes/1395384076601.jpg', '1000', '735', '1', '65');
INSERT INTO `pic` VALUES ('620', 'photoes/1395386638154.jpg', '1000', '735', '1', '66');
INSERT INTO `pic` VALUES ('621', 'photoes/1395386638154.jpg', '1000', '735', '1', '67');
INSERT INTO `pic` VALUES ('622', 'photoes/1395386638154.jpg', '1000', '735', '1', '68');
INSERT INTO `pic` VALUES ('623', 'photoes/1395386638154.jpg', '1000', '735', '1', '69');
INSERT INTO `pic` VALUES ('624', 'photoes/1395386638154.jpg', '1000', '735', '1', '70');
INSERT INTO `pic` VALUES ('625', 'photoes/1395386640107.jpg', '1024', '747', '1', '66');
INSERT INTO `pic` VALUES ('626', 'photoes/1395386640107.jpg', '1024', '747', '1', '67');
INSERT INTO `pic` VALUES ('627', 'photoes/1395386640107.jpg', '1024', '747', '1', '68');
INSERT INTO `pic` VALUES ('628', 'photoes/1395386640107.jpg', '1024', '747', '1', '69');
INSERT INTO `pic` VALUES ('629', 'photoes/1395386640107.jpg', '1024', '747', '1', '70');
INSERT INTO `pic` VALUES ('630', 'photoes/1395386660162.jpg', '1024', '691', '1', '71');
INSERT INTO `pic` VALUES ('631', 'photoes/1395386660162.jpg', '1024', '691', '1', '72');
INSERT INTO `pic` VALUES ('632', 'photoes/1395386660162.jpg', '1024', '691', '1', '73');
INSERT INTO `pic` VALUES ('633', 'photoes/1395386779740.jpg', '1024', '707', '1', '74');
INSERT INTO `pic` VALUES ('634', 'photoes/1395386779740.jpg', '1024', '707', '1', '75');
INSERT INTO `pic` VALUES ('635', 'photoes/1395386779740.jpg', '1024', '707', '1', '76');
INSERT INTO `pic` VALUES ('636', 'photoes/1395386779740.jpg', '1024', '707', '1', '77');
INSERT INTO `pic` VALUES ('637', 'photoes/1395386791791.jpg', '773', '580', '1', '78');
INSERT INTO `pic` VALUES ('638', 'photoes/1395386806537.jpg', '1024', '728', '1', '79');
INSERT INTO `pic` VALUES ('639', 'photoes/1395400985601.jpg', '1024', '707', '0', '80');
INSERT INTO `pic` VALUES ('640', 'photoes/1395401052116.jpg', '751', '1200', '0', '81');
INSERT INTO `pic` VALUES ('641', 'photoes/1395401053189.jpg', '726', '1024', '0', '81');
INSERT INTO `pic` VALUES ('642', 'photoes/1395402609966.jpg', '751', '1200', '1', '82');
INSERT INTO `pic` VALUES ('643', 'photoes/1395402609966.jpg', '751', '1200', '1', '83');
INSERT INTO `pic` VALUES ('644', 'photoes/1395402609966.jpg', '751', '1200', '1', '84');
INSERT INTO `pic` VALUES ('645', 'photoes/1395402610966.jpg', '726', '1024', '1', '82');
INSERT INTO `pic` VALUES ('646', 'photoes/1395402610966.jpg', '726', '1024', '1', '83');
INSERT INTO `pic` VALUES ('647', 'photoes/1395402610966.jpg', '726', '1024', '1', '84');
INSERT INTO `pic` VALUES ('648', 'photoes/1395404540083.jpg', '1024', '695', '0', '85');

-- ----------------------------
-- Table structure for `post`
-- ----------------------------
DROP TABLE IF EXISTS `post`;
CREATE TABLE `post` (
  `postId` int(4) NOT NULL AUTO_INCREMENT,
  `postName` varchar(20) DEFAULT NULL,
  `unitId` int(4) DEFAULT NULL,
  `userId` int(4) DEFAULT NULL,
  `createTime` varchar(20) DEFAULT NULL,
  `visitorsOfToday` int(10) NOT NULL,
  `allVisitors` int(10) NOT NULL,
  PRIMARY KEY (`postId`),
  KEY `unitId` (`unitId`),
  KEY `userId` (`userId`),
  KEY `pasteName` (`postName`)
) ENGINE=MyISAM AUTO_INCREMENT=32 DEFAULT CHARSET=utf8;

-- ----------------------------
-- Records of post
-- ----------------------------
INSERT INTO `post` VALUES ('11', '12舍', '1', '-1', null, '484', '484');
INSERT INTO `post` VALUES ('12', '图书馆', '2', '-1', null, '6', '6');
INSERT INTO `post` VALUES ('13', '三峡广场', '3', '-1', null, '1', '0');
INSERT INTO `post` VALUES ('4', '明主湖', '1', '-1', null, '43', '43');
INSERT INTO `post` VALUES ('5', '9舍', '1', '-1', null, '7', '7');
INSERT INTO `post` VALUES ('6', '12教学楼', '1', '-1', null, '5', '5');
INSERT INTO `post` VALUES ('8', '13舍', '1', '-1', null, '1', '1');
INSERT INTO `post` VALUES ('1', '重庆大学总栏', '1', '-1', null, '6', '6');
INSERT INTO `post` VALUES ('3', '三峡广场总栏', '3', '-1', null, '1', '1');
INSERT INTO `post` VALUES ('2', '西南大学总栏', '2', '-1', null, '2', '2');
INSERT INTO `post` VALUES ('14', '重庆八中总栏', '8', '-1', null, '22', '22');
INSERT INTO `post` VALUES ('15', '重庆一中总栏', '9', '-1', null, '20', '20');
INSERT INTO `post` VALUES ('16', '红花小学', '10', '-1', null, '1', '1');
INSERT INTO `post` VALUES ('17', '12图书馆', '7', '-1', null, '1', '1');
INSERT INTO `post` VALUES ('18', '12食堂', '7', '-1', null, '2', '2');
INSERT INTO `post` VALUES ('19', '重庆12', '7', '-1', null, '1', '1');
INSERT INTO `post` VALUES ('20', '12超市', '1', '-1', null, '3', '3');
INSERT INTO `post` VALUES ('21', '重百专栏', '11', '11', null, '286', '286');
INSERT INTO `post` VALUES ('22', '幸福小区', '12', '-1', '20131006135656', '1', '1');
INSERT INTO `post` VALUES ('24', 'zhulingyun', '1', '12', '20131006160658', '13', '13');
INSERT INTO `post` VALUES ('25', '1111', '1', '13', '20131020185231', '2', '2');
INSERT INTO `post` VALUES ('9', '一中', '1', '-1', null, '0', '0');
INSERT INTO `post` VALUES ('28', '2中', '1', '-1', null, '1', '1');
INSERT INTO `post` VALUES ('29', '3', '1', '7', null, '0', '0');
INSERT INTO `post` VALUES ('30', '4', '1', '1', null, '0', '0');
INSERT INTO `post` VALUES ('31', '4354', '1', '65', null, '0', '0');

-- ----------------------------
-- Table structure for `privatead`
-- ----------------------------
DROP TABLE IF EXISTS `privatead`;
CREATE TABLE `privatead` (
  `adId` int(4) NOT NULL AUTO_INCREMENT,
  `adTypeId` int(4) DEFAULT NULL,
  `upLoadTime` varchar(20) DEFAULT NULL,
  `userId` int(4) DEFAULT NULL,
  `postId` int(4) DEFAULT NULL,
  `firstPicAddr` varchar(200) DEFAULT NULL,
  `money` int(4) DEFAULT NULL,
  `sortValue` bigint(50) DEFAULT NULL,
  `remark` varchar(4) DEFAULT NULL,
  `height` int(4) DEFAULT NULL,
  `width` int(4) DEFAULT NULL,
  PRIMARY KEY (`adId`),
  KEY `userId` (`userId`),
  KEY `pasteId` (`postId`),
  KEY `typeId` (`adTypeId`) USING BTREE
) ENGINE=MyISAM AUTO_INCREMENT=117 DEFAULT CHARSET=utf8;

-- ----------------------------
-- Records of privatead
-- ----------------------------
INSERT INTO `privatead` VALUES ('2', '78', '20140320182813', '11', '21', 'firstPics/1395311292722.jpg', '0', '20140321155132', '', '250', '250');
INSERT INTO `privatead` VALUES ('1', '78', '20140320182804', '11', '21', 'firstPics/1395311283837.jpg', '0', '20140321155136', '', '250', '250');
INSERT INTO `privatead` VALUES ('3', '78', '20140320182823', '11', '21', 'firstPics/1395311303113.jpg', '0', '20140321155135', '', '250', '250');
INSERT INTO `privatead` VALUES ('4', '78', '20140320182837', '11', '21', 'firstPics/1395311317269.jpg', '0', '20140321155133', '', '250', '250');
INSERT INTO `privatead` VALUES ('5', '78', '20140321114336', '11', '21', 'firstPics/1395373415149.jpeg', '0', '20140321155137', '', '250', '250');
INSERT INTO `privatead` VALUES ('6', '29', '20140321114443', '11', '21', 'firstPics/1395373483270.jpg', '0', '20140321155134', '', '250', '250');
INSERT INTO `privatead` VALUES ('7', '78', '20140321155408', '11', '21', 'firstPics/1395388448520.jpg', '0', '20140321155408', '啥', '250', '250');
INSERT INTO `privatead` VALUES ('8', '78', '20140321155538', '11', '21', 'firstPics/1395388537442.jpeg', '0', '20140321155538', '女装', '250', '250');

-- ----------------------------
-- Table structure for `privateadtype`
-- ----------------------------
DROP TABLE IF EXISTS `privateadtype`;
CREATE TABLE `privateadtype` (
  `typeId` int(4) NOT NULL AUTO_INCREMENT,
  `typeName` varchar(20) NOT NULL,
  `postId` int(4) NOT NULL,
  PRIMARY KEY (`typeId`),
  KEY `pasteId` (`postId`)
) ENGINE=MyISAM AUTO_INCREMENT=90 DEFAULT CHARSET=utf8;

-- ----------------------------
-- Records of privateadtype
-- ----------------------------
INSERT INTO `privateadtype` VALUES ('78', '女装', '21');
INSERT INTO `privateadtype` VALUES ('82', '男装', '21');
INSERT INTO `privateadtype` VALUES ('29', '鞋子', '21');
INSERT INTO `privateadtype` VALUES ('47', '手表', '21');
INSERT INTO `privateadtype` VALUES ('80', '童装', '21');

-- ----------------------------
-- Table structure for `privatepic`
-- ----------------------------
DROP TABLE IF EXISTS `privatepic`;
CREATE TABLE `privatepic` (
  `picId` int(11) NOT NULL AUTO_INCREMENT,
  `picAddr` varchar(255) DEFAULT NULL,
  `width` int(11) DEFAULT NULL,
  `height` int(11) DEFAULT NULL,
  `adId` int(11) DEFAULT NULL,
  PRIMARY KEY (`picId`),
  KEY `adId` (`adId`)
) ENGINE=MyISAM AUTO_INCREMENT=147 DEFAULT CHARSET=utf8;

-- ----------------------------
-- Records of privatepic
-- ----------------------------
INSERT INTO `privatepic` VALUES ('136', 'photoes/1395311303113.jpg', '768', '1024', '3');
INSERT INTO `privatepic` VALUES ('137', 'photoes/1395311317269.jpg', '1024', '814', '4');
INSERT INTO `privatepic` VALUES ('138', 'photoes/1395311318169.jpg', '683', '1024', '4');
INSERT INTO `privatepic` VALUES ('139', 'photoes/1395373415149.jpeg', '800', '800', '5');
INSERT INTO `privatepic` VALUES ('140', 'photoes/1395373416262.jpg', '683', '1024', '5');
INSERT INTO `privatepic` VALUES ('141', 'photoes/1395373483270.jpg', '1024', '680', '6');
INSERT INTO `privatepic` VALUES ('134', 'photoes/1395311283837.jpg', '740', '1110', '1');
INSERT INTO `privatepic` VALUES ('135', 'photoes/1395311292722.jpg', '749', '1024', '2');
INSERT INTO `privatepic` VALUES ('142', 'photoes/1395373483990.jpg', '1024', '683', '6');
INSERT INTO `privatepic` VALUES ('143', 'photoes/1395373484086.jpg', '1024', '683', '6');
INSERT INTO `privatepic` VALUES ('144', 'photoes/1395388397000.jpg', '1024', '728', '7');
INSERT INTO `privatepic` VALUES ('145', 'photoes/1395388448520.jpg', '1024', '719', '7');
INSERT INTO `privatepic` VALUES ('146', 'photoes/1395388537442.jpeg', '800', '800', '8');

-- ----------------------------
-- Table structure for `unit`
-- ----------------------------
DROP TABLE IF EXISTS `unit`;
CREATE TABLE `unit` (
  `unitId` int(4) NOT NULL AUTO_INCREMENT,
  `unitName` varchar(20) DEFAULT NULL,
  `unitTypeId` int(4) DEFAULT NULL,
  PRIMARY KEY (`unitId`),
  KEY `unitId` (`unitId`) USING BTREE,
  KEY `unitTypeId` (`unitTypeId`)
) ENGINE=MyISAM AUTO_INCREMENT=23 DEFAULT CHARSET=utf8;

-- ----------------------------
-- Records of unit
-- ----------------------------
INSERT INTO `unit` VALUES ('1', '重庆大学', '1');
INSERT INTO `unit` VALUES ('2', '西南大学', '1');
INSERT INTO `unit` VALUES ('6', '重庆师范大学', '1');
INSERT INTO `unit` VALUES ('7', '12大学', '1');
INSERT INTO `unit` VALUES ('8', '重庆八中', '2');
INSERT INTO `unit` VALUES ('9', '重庆一中', '2');
INSERT INTO `unit` VALUES ('10', '红花小学', '3');
INSERT INTO `unit` VALUES ('11', '重百', '4');
INSERT INTO `unit` VALUES ('12', '幸福小区', '6');
INSERT INTO `unit` VALUES ('14', '城关小区', '6');
INSERT INTO `unit` VALUES ('15', '360', '5');
INSERT INTO `unit` VALUES ('18', '重邮', '1');

-- ----------------------------
-- Table structure for `unittype`
-- ----------------------------
DROP TABLE IF EXISTS `unittype`;
CREATE TABLE `unittype` (
  `unitTypeId` int(4) NOT NULL AUTO_INCREMENT,
  `unitTypeName` varchar(20) DEFAULT NULL,
  PRIMARY KEY (`unitTypeId`)
) ENGINE=MyISAM AUTO_INCREMENT=8 DEFAULT CHARSET=utf8;

-- ----------------------------
-- Records of unittype
-- ----------------------------
INSERT INTO `unittype` VALUES ('1', '大学');
INSERT INTO `unittype` VALUES ('2', '中学');
INSERT INTO `unittype` VALUES ('3', '小学');
INSERT INTO `unittype` VALUES ('4', '企业');
INSERT INTO `unittype` VALUES ('6', '地区');
INSERT INTO `unittype` VALUES ('5', '商业');

-- ----------------------------
-- Table structure for `user`
-- ----------------------------
DROP TABLE IF EXISTS `user`;
CREATE TABLE `user` (
  `userId` int(4) NOT NULL AUTO_INCREMENT,
  `userName` varchar(20) NOT NULL,
  `password` varchar(20) NOT NULL,
  `email` varchar(20) NOT NULL,
  `phone` varchar(20) DEFAULT NULL,
  `userType` int(4) unsigned zerofill DEFAULT NULL,
  PRIMARY KEY (`userId`)
) ENGINE=MyISAM AUTO_INCREMENT=57 DEFAULT CHARSET=utf8;

-- ----------------------------
-- Records of user
-- ----------------------------
INSERT INTO `user` VALUES ('2', '1', '123', '295739817@qq.com', '18883876918', '0000');
INSERT INTO `user` VALUES ('10', '张晨', '123', '295739817@qq.com', '12324253653', '0001');
INSERT INTO `user` VALUES ('11', '重百专栏', '111111', 'null', 'null', '0002');
INSERT INTO `user` VALUES ('42', 'zz', '123456', '23@qq.com', '12332132451', '0000');
INSERT INTO `user` VALUES ('54', 'lm', 'limin1024', 'null', 'null', '0002');
INSERT INTO `user` VALUES ('41', 'zly', '1234567', '123@qq.com', null, '0000');
INSERT INTO `user` VALUES ('1', 'nihao', '111aaa', 'null', 'null', '0000');
INSERT INTO `user` VALUES ('47', 'nihao', 'ssssss', 'null', 'null', '0000');
INSERT INTO `user` VALUES ('22', '1', '123456', '1234@qq.com', null, '0000');
INSERT INTO `user` VALUES ('53', '助理', '111@@@', 'null', 'null', '0000');
INSERT INTO `user` VALUES ('52', 'a', '111111', 'null', 'null', '0000');
INSERT INTO `user` VALUES ('51', 'nihao', 'oooooo', 'null', 'null', '0000');
INSERT INTO `user` VALUES ('50', 'nihao', 'mmmmmm', 'null', 'null', '0000');
INSERT INTO `user` VALUES ('49', 'nihao', 'xxxxxx', 'null', 'null', '0000');
INSERT INTO `user` VALUES ('48', 'nihao', 'aaaaaa', 'null', 'null', '0000');
INSERT INTO `user` VALUES ('43', 'zzz', 'qqqqqq', 'null', 'null', '0000');
INSERT INTO `user` VALUES ('32', '123', '123456', '123@qq.com', null, '0000');
INSERT INTO `user` VALUES ('33', '你好', '123456', '123@qq.com', null, '0000');
INSERT INTO `user` VALUES ('34', 'q', '123456', '123@qq.com', null, '0000');
INSERT INTO `user` VALUES ('35', '助理', '123456', '123@qq.com', null, '0000');
INSERT INTO `user` VALUES ('36', 'aa', '123456', '123@qq.com', null, '0000');
INSERT INTO `user` VALUES ('45', 'zly', 'aaaaaa', 'null', 'null', '0000');
INSERT INTO `user` VALUES ('46', 'nihao', 'nihaoma', 'null', 'null', '0000');
INSERT INTO `user` VALUES ('44', 'zly', '123333', 'null', 'null', '0000');
INSERT INTO `user` VALUES ('55', '321', '123456', 'null', 'null', '0000');
INSERT INTO `user` VALUES ('56', '重百', '123456', 'null', 'null', '0000');

-- ----------------------------
-- Table structure for `usertype`
-- ----------------------------
DROP TABLE IF EXISTS `usertype`;
CREATE TABLE `usertype` (
  `userTypeId` int(11) NOT NULL DEFAULT '0',
  `userTypeName` varchar(20) DEFAULT NULL,
  `money` int(11) DEFAULT NULL,
  `specialAds` int(11) DEFAULT NULL,
  PRIMARY KEY (`userTypeId`),
  KEY `userTypeId` (`userTypeId`) USING HASH
) ENGINE=MyISAM DEFAULT CHARSET=utf8 ROW_FORMAT=DYNAMIC;

-- ----------------------------
-- Records of usertype
-- ----------------------------
INSERT INTO `usertype` VALUES ('0', 'common', '0', '5');
INSERT INTO `usertype` VALUES ('1', 'important', '50', '20');
INSERT INTO `usertype` VALUES ('2', 'vip', '100', '30');
INSERT INTO `usertype` VALUES ('-1', 'visitor', '0', '0');

-- ----------------------------
-- Table structure for `visitorlog`
-- ----------------------------
DROP TABLE IF EXISTS `visitorlog`;
CREATE TABLE `visitorlog` (
  `visitorIP` varchar(255) CHARACTER SET utf8 DEFAULT NULL,
  `visitorPostName` varchar(20) CHARACTER SET utf8 DEFAULT NULL,
  `visitorID` int(11) NOT NULL AUTO_INCREMENT,
  PRIMARY KEY (`visitorID`),
  KEY `visitorId` (`visitorID`)
) ENGINE=InnoDB AUTO_INCREMENT=7 DEFAULT CHARSET=latin1;

-- ----------------------------
-- Records of visitorlog
-- ----------------------------
INSERT INTO `visitorlog` VALUES ('0:0:0:0:0:0:0:1', '12舍', '1');
INSERT INTO `visitorlog` VALUES ('0:0:0:0:0:0:0:1', '12舍', '2');
INSERT INTO `visitorlog` VALUES ('0:0:0:0:0:0:0:1', '明主湖', '3');
INSERT INTO `visitorlog` VALUES ('0:0:0:0:0:0:0:1', '12舍', '4');
INSERT INTO `visitorlog` VALUES ('0:0:0:0:0:0:0:1', '明主湖', '5');
INSERT INTO `visitorlog` VALUES ('0:0:0:0:0:0:0:1', '12舍', '6');
